29,Appetizers and snacks
535,Desserts
695,Drinks
557,Desserts
836,Dinners
596,Desserts
165,Appetizers and snacks
918,Dinners
495,Desserts
824,Dinners
65,Appetizers and snacks
141,Appetizers and snacks
925,Dinners
827,Dinners
655,Drinks
331,Breakfast and Lunch
664,Drinks
249,Breakfast and Lunch
907,Dinners
708,Drinks
305,Breakfast and Lunch
734,Drinks
975,Dinners
49,Appetizers and snacks
896,Dinners
2,Appetizers and snacks
544,Desserts
350,Breakfast and Lunch
904,Dinners
536,Desserts
344,Breakfast and Lunch
994,Dinners
481,Desserts
575,Desserts
33,Appetizers and snacks
31,Appetizers and snacks
231,Breakfast and Lunch
963,Dinners
192,Appetizers and snacks
333,Breakfast and Lunch
3,Appetizers and snacks
204,Breakfast and Lunch
514,Desserts
799,Drinks
306,Breakfast and Lunch
109,Appetizers and snacks
430,Desserts
77,Appetizers and snacks
84,Appetizers and snacks
286,Breakfast and Lunch
82,Appetizers and snacks
991,Dinners
789,Drinks
894,Dinners
398,Breakfast and Lunch
323,Breakfast and Lunch
519,Desserts
916,Dinners
922,Dinners
5,Appetizers and snacks
731,Drinks
465,Desserts
97,Appetizers and snacks
266,Breakfast and Lunch
357,Breakfast and Lunch
868,Dinners
798,Drinks
380,Breakfast and Lunch
631,Drinks
381,Breakfast and Lunch
490,Desserts
118,Appetizers and snacks
900,Dinners
250,Breakfast and Lunch
523,Desserts
9,Appetizers and snacks
196,Appetizers and snacks
603,Drinks
81,Appetizers and snacks
783,Drinks
587,Desserts
797,Drinks
239,Breakfast and Lunch
290,Breakfast and Lunch
211,Breakfast and Lunch
717,Drinks
359,Breakfast and Lunch
449,Desserts
227,Breakfast and Lunch
950,Dinners
946,Dinners
796,Drinks
501,Desserts
464,Desserts
362,Breakfast and Lunch
468,Desserts
935,Dinners
428,Desserts
7,Appetizers and snacks
155,Appetizers and snacks
541,Desserts
440,Desserts
482,Desserts
422,Desserts
778,Drinks
949,Dinners
334,Breakfast and Lunch
576,Desserts
934,Dinners
567,Desserts
594,Desserts
530,Desserts
581,Desserts
707,Drinks
448,Desserts
453,Desserts
228,Breakfast and Lunch
352,Breakfast and Lunch
728,Drinks
212,Breakfast and Lunch
79,Appetizers and snacks
148,Appetizers and snacks
302,Breakfast and Lunch
628,Drinks
777,Drinks
506,Desserts
342,Breakfast and Lunch
485,Desserts
711,Drinks
133,Appetizers and snacks
703,Drinks
311,Breakfast and Lunch
722,Drinks
629,Drinks
0,Appetizers and snacks
316,Breakfast and Lunch
706,Drinks
547,Desserts
872,Dinners
532,Desserts
477,Desserts
404,Desserts
172,Appetizers and snacks
125,Appetizers and snacks
394,Breakfast and Lunch
420,Desserts
552,Desserts
903,Dinners
90,Appetizers and snacks
939,Dinners
181,Appetizers and snacks
274,Breakfast and Lunch
895,Dinners
69,Appetizers and snacks
291,Breakfast and Lunch
131,Appetizers and snacks
300,Breakfast and Lunch
424,Desserts
326,Breakfast and Lunch
144,Appetizers and snacks
423,Desserts
580,Desserts
135,Appetizers and snacks
450,Desserts
164,Appetizers and snacks
28,Appetizers and snacks
773,Drinks
193,Appetizers and snacks
388,Breakfast and Lunch
852,Dinners
169,Appetizers and snacks
705,Drinks
140,Appetizers and snacks
173,Appetizers and snacks
6,Appetizers and snacks
745,Drinks
478,Desserts
73,Appetizers and snacks
910,Dinners
813,Dinners
238,Breakfast and Lunch
145,Appetizers and snacks
792,Drinks
234,Breakfast and Lunch
220,Breakfast and Lunch
923,Dinners
500,Desserts
132,Appetizers and snacks
990,Dinners
774,Drinks
185,Appetizers and snacks
41,Appetizers and snacks
696,Drinks
108,Appetizers and snacks
588,Desserts
56,Appetizers and snacks
405,Desserts
442,Desserts
757,Drinks
997,Dinners
24,Appetizers and snacks
467,Desserts
539,Desserts
531,Desserts
618,Drinks
694,Drinks
926,Dinners
338,Breakfast and Lunch
51,Appetizers and snacks
507,Desserts
516,Desserts
920,Dinners
781,Drinks
264,Breakfast and Lunch
817,Dinners
710,Drinks
682,Drinks
832,Dinners
518,Desserts
447,Desserts
18,Appetizers and snacks
715,Drinks
483,Desserts
568,Desserts
433,Desserts
367,Breakfast and Lunch
83,Appetizers and snacks
61,Appetizers and snacks
638,Drinks
272,Breakfast and Lunch
285,Breakfast and Lunch
360,Breakfast and Lunch
354,Breakfast and Lunch
456,Desserts
278,Breakfast and Lunch
12,Appetizers and snacks
182,Appetizers and snacks
368,Breakfast and Lunch
881,Dinners
615,Drinks
223,Breakfast and Lunch
572,Desserts
970,Dinners
653,Drinks
545,Desserts
582,Desserts
633,Drinks
176,Appetizers and snacks
665,Drinks
673,Drinks
585,Desserts
873,Dinners
393,Breakfast and Lunch
163,Appetizers and snacks
248,Breakfast and Lunch
634,Drinks
885,Dinners
669,Drinks
375,Breakfast and Lunch
412,Desserts
74,Appetizers and snacks
113,Appetizers and snacks
598,Desserts
961,Dinners
390,Breakfast and Lunch
104,Appetizers and snacks
114,Appetizers and snacks
417,Desserts
525,Desserts
457,Desserts
409,Desserts
92,Appetizers and snacks
930,Dinners
89,Appetizers and snacks
336,Breakfast and Lunch
988,Dinners
921,Dinners
933,Dinners
605,Drinks
593,Desserts
611,Drinks
94,Appetizers and snacks
11,Appetizers and snacks
396,Breakfast and Lunch
533,Desserts
43,Appetizers and snacks
42,Appetizers and snacks
329,Breakfast and Lunch
167,Appetizers and snacks
497,Desserts
876,Dinners
597,Desserts
756,Drinks
100,Appetizers and snacks
426,Desserts
178,Appetizers and snacks
444,Desserts
416,Desserts
870,Dinners
882,Dinners
680,Drinks
177,Appetizers and snacks
395,Breakfast and Lunch
911,Dinners
793,Drinks
960,Dinners
684,Drinks
383,Breakfast and Lunch
956,Dinners
751,Drinks
257,Breakfast and Lunch
538,Desserts
335,Breakfast and Lunch
15,Appetizers and snacks
324,Breakfast and Lunch
758,Drinks
222,Breakfast and Lunch
179,Appetizers and snacks
983,Dinners
22,Appetizers and snacks
356,Breakfast and Lunch
666,Drinks
861,Dinners
340,Breakfast and Lunch
431,Desserts
551,Desserts
833,Dinners
203,Breakfast and Lunch
630,Drinks
93,Appetizers and snacks
558,Desserts
68,Appetizers and snacks
622,Drinks
284,Breakfast and Lunch
844,Dinners
434,Desserts
153,Appetizers and snacks
75,Appetizers and snacks
730,Drinks
446,Desserts
188,Appetizers and snacks
271,Breakfast and Lunch
236,Breakfast and Lunch
487,Desserts
117,Appetizers and snacks
943,Dinners
512,Desserts
825,Dinners
591,Desserts
126,Appetizers and snacks
116,Appetizers and snacks
473,Desserts
693,Drinks
57,Appetizers and snacks
863,Dinners
912,Dinners
369,Breakfast and Lunch
268,Breakfast and Lunch
46,Appetizers and snacks
349,Breakfast and Lunch
195,Appetizers and snacks
999,Dinners
834,Dinners
736,Drinks
263,Breakfast and Lunch
443,Desserts
675,Drinks
304,Breakfast and Lunch
341,Breakfast and Lunch
966,Dinners
149,Appetizers and snacks
124,Appetizers and snacks
786,Drinks
50,Appetizers and snacks
353,Breakfast and Lunch
927,Dinners
142,Appetizers and snacks
470,Desserts
399,Breakfast and Lunch
625,Drinks
320,Breakfast and Lunch
19,Appetizers and snacks
809,Dinners
790,Drinks
808,Dinners
407,Desserts
537,Desserts
620,Drinks
38,Appetizers and snacks
175,Appetizers and snacks
245,Breakfast and Lunch
828,Dinners
667,Drinks
754,Drinks
858,Dinners
154,Appetizers and snacks
287,Breakfast and Lunch
602,Drinks
569,Desserts
743,Drinks
17,Appetizers and snacks
127,Appetizers and snacks
322,Breakfast and Lunch
255,Breakfast and Lunch
657,Drinks
964,Dinners
190,Appetizers and snacks
115,Appetizers and snacks
616,Drinks
606,Drinks
180,Appetizers and snacks
301,Breakfast and Lunch
759,Drinks
712,Drinks
723,Drinks
685,Drinks
979,Dinners
517,Desserts
984,Dinners
45,Appetizers and snacks
909,Dinners
157,Appetizers and snacks
851,Dinners
171,Appetizers and snacks
16,Appetizers and snacks
511,Desserts
48,Appetizers and snacks
971,Dinners
940,Dinners
515,Desserts
952,Dinners
480,Desserts
283,Breakfast and Lunch
718,Drinks
877,Dinners
225,Breakfast and Lunch
26,Appetizers and snacks
954,Dinners
437,Desserts
951,Dinners
364,Breakfast and Lunch
229,Breakfast and Lunch
37,Appetizers and snacks
965,Dinners
374,Breakfast and Lunch
469,Desserts
967,Dinners
850,Dinners
704,Drinks
841,Dinners
194,Appetizers and snacks
854,Dinners
864,Dinners
503,Desserts
969,Dinners
830,Dinners
579,Desserts
968,Dinners
162,Appetizers and snacks
908,Dinners
152,Appetizers and snacks
801,Dinners
993,Dinners
755,Drinks
111,Appetizers and snacks
226,Breakfast and Lunch
688,Drinks
103,Appetizers and snacks
421,Desserts
419,Desserts
750,Drinks
586,Desserts
780,Drinks
672,Drinks
119,Appetizers and snacks
53,Appetizers and snacks
151,Appetizers and snacks
403,Desserts
945,Dinners
207,Breakfast and Lunch
658,Drinks
843,Dinners
762,Drinks
8,Appetizers and snacks
807,Dinners
36,Appetizers and snacks
452,Desserts
651,Drinks
253,Breakfast and Lunch
303,Breakfast and Lunch
746,Drinks
571,Desserts
623,Drinks
732,Drinks
891,Dinners
262,Breakfast and Lunch
610,Drinks
297,Breakfast and Lunch
414,Desserts
150,Appetizers and snacks
788,Drinks
640,Drinks
889,Dinners
550,Desserts
886,Dinners
488,Desserts
147,Appetizers and snacks
146,Appetizers and snacks
720,Drinks
931,Dinners
739,Drinks
659,Drinks
348,Breakfast and Lunch
463,Desserts
325,Breakfast and Lunch
186,Appetizers and snacks
123,Appetizers and snacks
853,Dinners
608,Drinks
143,Appetizers and snacks
958,Dinners
197,Appetizers and snacks
609,Drinks
279,Breakfast and Lunch
293,Breakfast and Lunch
400,Desserts
122,Appetizers and snacks
183,Appetizers and snacks
202,Breakfast and Lunch
438,Desserts
246,Breakfast and Lunch
415,Desserts
932,Dinners
765,Drinks
906,Dinners
835,Dinners
887,Dinners
129,Appetizers and snacks
637,Drinks
402,Desserts
784,Drinks
770,Drinks
735,Drinks
913,Dinners
219,Breakfast and Lunch
641,Drinks
915,Dinners
752,Drinks
806,Dinners
919,Dinners
624,Drinks
874,Dinners
760,Drinks
386,Breakfast and Lunch
972,Dinners
509,Desserts
267,Breakfast and Lunch
819,Dinners
441,Desserts
496,Desserts
112,Appetizers and snacks
691,Drinks
232,Breakfast and Lunch
869,Dinners
607,Drinks
671,Drinks
373,Breakfast and Lunch
981,Dinners
842,Dinners
233,Breakfast and Lunch
785,Drinks
676,Drinks
317,Breakfast and Lunch
648,Drinks
410,Desserts
898,Dinners
709,Drinks
358,Breakfast and Lunch
258,Breakfast and Lunch
744,Drinks
627,Drinks
632,Drinks
282,Breakfast and Lunch
376,Breakfast and Lunch
384,Breakfast and Lunch
224,Breakfast and Lunch
953,Dinners
814,Dinners
472,Desserts
347,Breakfast and Lunch
505,Desserts
639,Drinks
987,Dinners
928,Dinners
905,Dinners
619,Drinks
855,Dinners
803,Dinners
645,Drinks
846,Dinners
556,Desserts
957,Dinners
577,Desserts
795,Drinks
85,Appetizers and snacks
242,Breakfast and Lunch
698,Drinks
159,Appetizers and snacks
524,Desserts
35,Appetizers and snacks
540,Desserts
170,Appetizers and snacks
654,Drinks
890,Dinners
857,Dinners
847,Dinners
944,Dinners
733,Drinks
95,Appetizers and snacks
563,Desserts
240,Breakfast and Lunch
742,Drinks
574,Desserts
690,Drinks
460,Desserts
553,Desserts
888,Dinners
206,Breakfast and Lunch
392,Breakfast and Lunch
794,Drinks
397,Breakfast and Lunch
766,Drinks
848,Dinners
217,Breakfast and Lunch
4,Appetizers and snacks
768,Drinks
642,Drinks
929,Dinners
612,Drinks
738,Drinks
546,Desserts
725,Drinks
683,Drinks
98,Appetizers and snacks
804,Dinners
727,Drinks
573,Desserts
406,Desserts
502,Desserts
47,Appetizers and snacks
32,Appetizers and snacks
779,Drinks
839,Dinners
200,Breakfast and Lunch
134,Appetizers and snacks
27,Appetizers and snacks
880,Dinners
230,Breakfast and Lunch
489,Desserts
772,Drinks
378,Breakfast and Lunch
288,Breakfast and Lunch
418,Desserts
674,Drinks
391,Breakfast and Lunch
592,Desserts
498,Desserts
138,Appetizers and snacks
62,Appetizers and snacks
471,Desserts
647,Drinks
128,Appetizers and snacks
976,Dinners
520,Desserts
838,Dinners
962,Dinners
64,Appetizers and snacks
812,Dinners
14,Appetizers and snacks
156,Appetizers and snacks
40,Appetizers and snacks
492,Desserts
379,Breakfast and Lunch
187,Appetizers and snacks
763,Drinks
216,Breakfast and Lunch
791,Drinks
52,Appetizers and snacks
878,Dinners
337,Breakfast and Lunch
748,Drinks
719,Drinks
724,Drinks
295,Breakfast and Lunch
701,Drinks
251,Breakfast and Lunch
726,Drinks
461,Desserts
455,Desserts
996,Dinners
815,Dinners
862,Dinners
269,Breakfast and Lunch
201,Breakfast and Lunch
161,Appetizers and snacks
555,Desserts
729,Drinks
401,Desserts
702,Drinks
476,Desserts
821,Dinners
771,Drinks
105,Appetizers and snacks
565,Desserts
389,Breakfast and Lunch
1,Appetizers and snacks
937,Dinners
982,Dinners
561,Desserts
80,Appetizers and snacks
205,Breakfast and Lunch
34,Appetizers and snacks
775,Drinks
508,Desserts
427,Desserts
454,Desserts
366,Breakfast and Lunch
91,Appetizers and snacks
339,Breakfast and Lunch
897,Dinners
564,Desserts
345,Breakfast and Lunch
776,Drinks
241,Breakfast and Lunch
13,Appetizers and snacks
315,Breakfast and Lunch
600,Drinks
387,Breakfast and Lunch
273,Breakfast and Lunch
166,Appetizers and snacks
840,Dinners
992,Dinners
646,Drinks
818,Dinners
484,Desserts
980,Dinners
504,Desserts
831,Dinners
243,Breakfast and Lunch
566,Desserts
875,Dinners
562,Desserts
686,Drinks
189,Appetizers and snacks
782,Drinks
699,Drinks
475,Desserts
681,Drinks
510,Desserts
58,Appetizers and snacks
474,Desserts
560,Desserts
856,Dinners
747,Drinks
252,Breakfast and Lunch
21,Appetizers and snacks
313,Breakfast and Lunch
459,Desserts
160,Appetizers and snacks
276,Breakfast and Lunch
955,Dinners
191,Appetizers and snacks
385,Breakfast and Lunch
805,Dinners
413,Desserts
491,Desserts
343,Breakfast and Lunch
769,Drinks
308,Breakfast and Lunch
661,Drinks
130,Appetizers and snacks
663,Drinks
871,Dinners
99,Appetizers and snacks
372,Breakfast and Lunch
87,Appetizers and snacks
458,Desserts
330,Breakfast and Lunch
214,Breakfast and Lunch
466,Desserts
121,Appetizers and snacks
614,Drinks
20,Appetizers and snacks
700,Drinks
71,Appetizers and snacks
106,Appetizers and snacks
270,Breakfast and Lunch
860,Dinners
435,Desserts
102,Appetizers and snacks
