521,Desserts
737,Drinks
740,Drinks
660,Drinks
411,Desserts
678,Drinks
626,Drinks
513,Desserts
859,Dinners
136,Appetizers and snacks
811,Dinners
76,Appetizers and snacks
636,Drinks
973,Dinners
938,Dinners
899,Dinners
280,Breakfast and Lunch
883,Dinners
761,Drinks
319,Breakfast and Lunch
549,Desserts
174,Appetizers and snacks
371,Breakfast and Lunch
527,Desserts
210,Breakfast and Lunch
235,Breakfast and Lunch
101,Appetizers and snacks
986,Dinners
902,Dinners
947,Dinners
346,Breakfast and Lunch
139,Appetizers and snacks
621,Drinks
499,Desserts
370,Breakfast and Lunch
198,Appetizers and snacks
687,Drinks
584,Desserts
901,Dinners
59,Appetizers and snacks
328,Breakfast and Lunch
96,Appetizers and snacks
312,Breakfast and Lunch
974,Dinners
299,Breakfast and Lunch
277,Breakfast and Lunch
924,Dinners
601,Drinks
439,Desserts
837,Dinners
570,Desserts
879,Dinners
261,Breakfast and Lunch
578,Desserts
23,Appetizers and snacks
30,Appetizers and snacks
617,Drinks
10,Appetizers and snacks
221,Breakfast and Lunch
820,Dinners
296,Breakfast and Lunch
54,Appetizers and snacks
542,Desserts
209,Breakfast and Lunch
604,Drinks
692,Drinks
662,Drinks
866,Dinners
70,Appetizers and snacks
543,Desserts
107,Appetizers and snacks
493,Desserts
590,Desserts
741,Drinks
292,Breakfast and Lunch
289,Breakfast and Lunch
652,Drinks
39,Appetizers and snacks
589,Desserts
307,Breakfast and Lunch
679,Drinks
66,Appetizers and snacks
275,Breakfast and Lunch
67,Appetizers and snacks
318,Breakfast and Lunch
548,Desserts
998,Dinners
714,Drinks
753,Drinks
327,Breakfast and Lunch
382,Breakfast and Lunch
451,Desserts
522,Desserts
218,Breakfast and Lunch
787,Drinks
436,Desserts
764,Drinks
88,Appetizers and snacks
63,Appetizers and snacks
826,Dinners
716,Drinks
351,Breakfast and Lunch
936,Dinners
256,Breakfast and Lunch
635,Drinks
644,Drinks
554,Desserts
959,Dinners
168,Appetizers and snacks
917,Dinners
528,Desserts
823,Dinners
985,Dinners
816,Dinners
86,Appetizers and snacks
432,Desserts
184,Appetizers and snacks
978,Dinners
534,Desserts
294,Breakfast and Lunch
892,Dinners
425,Desserts
713,Drinks
260,Breakfast and Lunch
237,Breakfast and Lunch
559,Desserts
583,Desserts
445,Desserts
867,Dinners
800,Dinners
599,Desserts
849,Dinners
265,Breakfast and Lunch
995,Dinners
529,Desserts
55,Appetizers and snacks
120,Appetizers and snacks
215,Breakfast and Lunch
25,Appetizers and snacks
72,Appetizers and snacks
44,Appetizers and snacks
247,Breakfast and Lunch
721,Drinks
281,Breakfast and Lunch
893,Dinners
914,Dinners
810,Dinners
244,Breakfast and Lunch
822,Dinners
321,Breakfast and Lunch
643,Drinks
158,Appetizers and snacks
977,Dinners
429,Desserts
941,Dinners
462,Desserts
309,Breakfast and Lunch
697,Drinks
60,Appetizers and snacks
884,Dinners
595,Desserts
767,Drinks
649,Drinks
650,Drinks
865,Dinners
668,Drinks
298,Breakfast and Lunch
689,Drinks
314,Breakfast and Lunch
310,Breakfast and Lunch
361,Breakfast and Lunch
479,Desserts
110,Appetizers and snacks
989,Dinners
486,Desserts
363,Breakfast and Lunch
254,Breakfast and Lunch
259,Breakfast and Lunch
802,Dinners
677,Drinks
494,Desserts
670,Drinks
377,Breakfast and Lunch
526,Desserts
845,Dinners
137,Appetizers and snacks
355,Breakfast and Lunch
365,Breakfast and Lunch
942,Dinners
749,Drinks
948,Dinners
829,Dinners
656,Drinks
199,Appetizers and snacks
213,Breakfast and Lunch
408,Desserts
332,Breakfast and Lunch
208,Breakfast and Lunch
613,Drinks
78,Appetizers and snacks
